,,,,,,,,,,,
,,,,M,mill/mill's trader,,,,,,
,,,,AD,authorized/sole distributor,,,,,,
,,,,S,stockist,,,,,,
,,,,SV,service,,,,,,
,,,,,,,,,,,
,Category,Priority,M/AD/S,SUPPLIER NAME,EMAIL,COUNTRY,Remarks,no telf,fax,PIC,
,PLATE SS ,4,M,ACERINOX ,juan.gaminde@gmail.com/indoatlantic@indoatlantic.com/juan.gaminde@indoatlantic.com,EUROPE,MILL ACERINOX,+62-21-7590 17 10,+62+21-7590 17 20,MR. GAMINDE,
,(PP01)Pipa CS smls non china,1,S,ANN AIK,michael@annaik.com.sg,SINGAPORE,,+65-6210 2727,,MR MICHAEL,
,FLANGES SS EX CHINA,,S,ANN AIK ,michael@annaik.com.sg,SINGAPORE,"MAX 24""",+65-6210 2727,,MR MICHAEL,
,FITTINGS BW SS SMLS (304/L & 316/L),,S,ANN AIK ,michael@annaik.com.sg,SINGAPORE,TAIWAN,+65-6210 2727,,MR MICHAEL,
,"FITTINGS BW SS WELD (S/D 24"")",,S,ANN AIK ,michael@annaik.com.sg,SINGAPORE,"MAX 16"" - Taiwan",+65-6210 2727,,MR MICHAEL,
,(PP09 &11) SS SMLS EX CHINA,1,S,ANN AIK ,michael@annaik.com.sg,SINGAPORE,,+65-6210 2727,,MR MICHAEL,
,(PP09 &11) SS WELD CHINA,1,S,ANN AIK,michael@annaik.com.sg,SINGAPORE,"up to 24""",+65-6210 2727,,MR MICHAEL,
,FLANGES (304/L & 316/L) SS EX CHINA,,S,ANN AIK ,michael@annaik.com.sg,SINGAPORE,"MAX 24"" ",+65-6210 2727,,MR MICHAEL,
,(PP09 &11) SS SMLS NON CHINA,3,S,ANGKASA PERINDO,aps.jakarta@angkasastainless.com,INDONESIA,,021-6254488,021 6295124,IBU LUCY,
,FITTINGS BW,,AD,ALLIED, alliedfittings@alliedfittings.com/ j.bathgate@alliedfittings.com,ITALY,"TECTUBI, RACCORDI FORGIATI","523,991,211",0523-991288,Joanne Bathgate, 
,FITTINGS BW CS Non China,2,S,ALVINDO,ira@alvindocs.com,INDONESIA,"STOCKIST ( MAX 24"" )",29339521 (134),690-0756,IRA,
,FLANGES NON CHINA,,S,ALVINDO,ira@alvindocs.com,INDONESIA,"STOCKIST ( MAX 24"" )",29339521 (134),690-0756,IRA,
,FLANGES CS CHINA,,S,ALVINDO,ira@alvindocs.com,INDONESIA,"STOCKIST ( MAX 24"" )",29339521 (134),690-0756,IRA,
,FITTINGS BW CS CHINA,1,S,ALVINDO,ira@alvindocs.com,INDONESIA,"STOCKIST ( MAX 24"" )",29339521 (134),690-0756,IRA,
,FORGED FITTINGS ,,S,ALVINDO,ira@alvindocs.com,INDONESIA,STOCKIST ,29339521 (134),690-0756,IRA,
,VALVE CHINA,2,S,ALVINDO,ira@alvindocs.com,INDONESIA,STOCKIST,29339521 (134),690-0756,IRA,
,(PP01)Pipa CS smls ex china,3,S,AMERICAN INTERNATIONAL INDUSTRY (AII),export2@aiigroup.com,SINGAPORE,"up to 24""",65-62651377,65 62654680,AGNES,
,"Pipa CS,LTCS smls non china",1,S,AMERICAN INTERNATIONAL INDUSTRY (AII),export2@aiigroup.com,SINGAPORE,"up to 24"" ( LTCS )",65-62651377,65 62654680,AGNES,
,(PP25) CS WELD (API-5L GR B / A53 GR B),,S,AMERICAN INTERNATIONAL INDUSTRY (AII),export2@aiigroup.com,SINGAPORE,"UP TO 36""",65-62651377,65 62654680,AGNES,
,FLANGES NON CHINA,,S,AMERICAN INTERNATIONAL INDUSTRY (AII),export2@aiigroup.com,SINGAPORE,"MAX 48"" - A350 Available ",65-62651377,65 62654680,AGNES,
,FITTINGS BW CS Non CHINA,,S,AMERICAN INTERNATIONAL INDUSTRY (AII),export2@aiigroup.com,SINGAPORE,"WPB s/d 48"" ; WPL6 s/d 24"" ",65-62651377,65 62654680,AGNES,
,FORGED FITTINGS Non CHINA,,S,AMERICAN INTERNATIONAL INDUSTRY (AII),export2@aiigroup.com,SINGAPORE,A350 Available ,65-62651377,65 62654680,AGNES,
,MACHINING,,SV,AMU,marketing3@ptamu.com,INDONESIA,,6593390174,6268580,KENNY,
,PLATE SS ,2,M,Aperam Stainless Services & Solutions International SAS,jean-charles.lemaitre@aperam.com,BRAZIL,MILL APERAM (MAX 50MM),T +66 2 237 5296 | M +66 95 4840989,,JEAN,
,"Pipa CS,LTCS smls non china",,S,APP (AMERICA PIPING),jhofman@amerpipe.com,USA,"MAX 24"" ",636-536 1775,,MR. JAMES,
,GASKET,1,M,AREZDA (INGI),ingi@arezdagasket.com,INDONESIA,,"6297243, 6396942",6498978,AINA,
,VALVE CHINA,4,S,ARITA,untoro@arita.co.id,INDONESIA,,+6221 651 9188,+6221 651 6107,PAK UNTORO,
,"Pipa CS,LTCS smls non china",,S,ARROW PIPE,rockwell@emirates.net.ae; dvs@arrowpipes,DUBAI,"MAX 24"" ",971-50-654 3389,,JAI LAHORI,
,Pipa CS SMLS non china,,M,ARCELOR MITTAL,stephanie.wong@arcelormittal.com,SOUTH AFRIKA,,+65 6733 9033 ,+65 6412 7720 ,STEPHANI,
,PLATE SS ,,M,AUTOKUMPU,Seth.Ong@outokumpu.com,FINLAND,,+65 6224 0887/+65 9784 9636 / +62 812 9007 0363,+65 6224 6171,Seth Ong,
,FITTINGS BW,,M,AWAJI, Alisa@awaji.co.th,THAILAND,"UP TO 24""","(662) 463-0074, (662)463-6235-7 (Ext: 168)",,Francis,
,PLATE SS ,1,M,BAHRU,juan.gaminde@gmail.com/indoatlantic@indoatlantic.com/juan.gaminde@indoatlantic.com,MALAYSIA,MILL BAHRU - UP TO 12 MM,+62-21-7590 17 10,+62+21-7590 17 20,Mr. GAMINDE,
,(PP01)Pipa CS smls ex china,5,S,BAJA INDO,indsteel@centrin.net.id,INDONESIA,"2""-24""",5441010/33839696/ 081310422254,5455239,Pak Jumidi,
,(PP01)Pipa CS smls ex china,4,S,BAJAMARGA KHARISMA UTAMA,bmku_mail@yahoo.com,INDONESIA,,(021)5450178,(021)5402734,Sonia,
,(PP25) CS WELD (API-5L GR B / A53 GR B),,M,BAKRIE PIPE,andi@bakrie-pipe.com ,INDONESIA,"MILL ( MAX 24"" )",0812-8116190,,Pak Andi,
,CASING & TUBING,,M,BAO TAO,lrl@ciec.com,CHINA,"UP TO 18""",+86-571-89732303/+86-15605711662,,Luo,
,FLANGE CS,,M,Bebitz Flanges Works Pvt Ltd.,sales@bebitz.in,INDIA,"MAX 35""",+91 8007770281,,Santanu Sutradhar ,
,FLANGE SS,,M,Bebitz Flanges Works Pvt Ltd.,sales@bebitz.in,INDIA,"MAX 35""",+91 8007770281,,Santanu Sutradhar ,
,FITTINGS BW,,M,BENKAN/BKL,akira.hirayama@thaibenkan.co.th ,THAILAND,"UP TO 80""","(662) 463-0074, (662)463-6235-7 (Ext: 168)",,Akira Hirayama,
,FITTINGS BW,,M,BENKAN JAPAN,"yukiko.kojima@benkan.com,masanobu.amamoto@benkan.com",JAPAN,,,,,
,"Pipa CS,LTCS smls non china",,M,BENTELER, sandra.schoenweis@benteler.com,GERMANY,"up to  4"" TUBOS ",5254 8120 4234,49 5254 8120 4289,SANDRA,
,FITTINGS BW ALLOY,,S,BUHLMANN,Malarkodi.Katan@buhlmann-group.com,SINGAPORE,STOCKIST,'+65 6417 0735,+65 6248 9026,MS. MALAKORDI,
,PIPE ALLOY smls non china,1,S,BUHLMANN,Malarkodi.Katan@buhlmann-group.com,SINGAPORE,,'+65 6417 0735,+65 6248 9026,MS. MALAKORDI,
,BOLT & NUT,,M,BUKIT BAJA,sales@bbn.co.id,INDONESIA,stud bolt & nut,021- 26564299 / 6250711 ,021- 6250712 ,Natalie,
,(PP25) CS WELD (API-5L GR B / A53 GR B),,M,BUMI KAYA STEEL,sales@bumikayasteel.com,INDONESIA,"up to 8""",6392408/'08557888000,6292973,KRISNAWAN,
,(PP09 &11) SS SMLS NON CHINA,2,S,BUMI MAS/BUTRACO,butraco99@gmail.com,INDONESIA,"STOCKIST ( MAX 24"" )",6406405,6450793,Bp.Yusuf/IBU ATI,
,FLANGES CS CHINA,,S,BUMI MAS/BUTRACO,butraco99@gmail.com,INDONESIA,"STOCKIST ( MAX 8"" )",6406405,6450793,Bp.Yusuf/IBU ATI,
,FITTINGS BW CS CHINA,3,S,BUMI MAS/BUTRACO,butraco99@gmail.com,INDONESIA,"STOCKIST ( MAX 24"" )",(021)62886992/98,(021)6598458,Bp.Yusuf/IBU ATI,
,(PP09 &11) SS WELD NON CHINA,3,M,BUTTING, Kerstin.Kahlstorf@butting.de,GERMANY,"UP TO 80"" ",+49 (0) 5834 50 -7217,+ 49 (0) 5834 50 – 3 20,Kerstin,
,(PP25) CS WELD (A53 GR A),,M,CAHAYA LEGUNA,cahayaleguna@gmail.com,INDONESIA,"UP TO 8"" PPI",(021) 6402875/0813 1649 8744 ,,IBU MUTHIA,
,PIPA SS & DUPLEX SMLS NON CHINA ,,M,CENTRAVIS, aserdjuk@centravis.com,UKRAINE,"UP TO 8""",+38 067 63 53 113,,Andrey Serdyuk,
,FORGED FITTINGS CS,,M,CHERO,grandi.massimo@cheropiping.com,ITALY,,+39 02 2664058 ,,Massimo Grandi,
,PLATE SS ,3,M,COLUMBUS,juan.gaminde@gmail.com/indoatlantic@indoatlantic.com/juan.gaminde@indoatlantic.com,EUROPE,MILL COLUMBUS,+62-21-7590 17 10,+62+21-7590 17 20,MR. GAMINDE,
,FITTINGS BW CS Non China,3,S,CONTROMATIC,venny.thjung@contromatic.co.id,INDONESIA,"STOCKIST ( MAX 24"" )",+6221-5800550 (ext.315),+6221-5800111 ,VENNY T.,
,FORGED FITTINGS CS Non China,,S,CONTROMATIC,venny.thjung@contromatic.co.id,INDONESIA,,+6221-5800550 (ext.315),+6221-5800111 ,VENNY T.,
,(PP01)Pipa CS smls non china,2,S,CONTROMATIC,venny.thjung@contromatic.co.id,INDONESIA,"MAX 12""",+6221-5800550 (ext.315),+6221-5800111 ,VENNY T.,
,VALVE NON CHINA,2,S,CONTROMATIC,venny.thjung@contromatic.co.id,INDONESIA,"MAX 12""",+6221-5800550 (ext.315),+6221-5800111 ,VENNY T.,
,VALVE NON CHINA,,M,CRANE ENERGY,ftobing@craneenergy.com,INDONESIA,MILL (CRANE),89907980-82,89907958,FINO TOBING,
,"Pipa CS,LTCS smls non china",,AD,CTA PACIFIC,kate.chan@ctaasiapacific.com,ITALY,"tenaris up to 24""",+ 852 23 779 770,85223779785,Kate,
,FORGED FITTINGS ,,M,DELCORTE,nathalie@delcorte.com; ldelcorte@delcort,FRANCE,MILL,+33 0 327 63 05 30,+33 0 327 39 90 29,MR. LUDOVIC/NATHALIE,
,FITTINGS BW,,M,ERNE,claudia.ortlechner@ernefittings.com/clarissa.pfalzer@ernefittings.com,AUSTRIA,"UP TO 36""",+43 5524 501 242/+43 676 83 501 242,+43 5524 501 8242    ,CLAUDIA/CLARISSA,
,VALVE NON CHINA,,AD,Federal Hardware Engineering Co. Pte Ltd,michaeltay@fedsin.com.sg,SINGAPORE,KVC,65 68404-177,65-9733 1648,Jimmy Foo ,
,FLANGES SS,,M,"Felix Technology Co., Ltd",felix@fete.co.kr/ hailiekim@fete.co.kr/ stevechoi@fete.co.kr,KOREA,,+82-51-796-7800,+82-51-796-7898,T. H. Noh,
,VALVE NON CHINA,,AD,FLOW SOLUTION,dwi@flowsolution.co.id,INDONESIA,,021-3920348; 021-3903988/89 Ext. 7226,,MS. DWI YULIANA,
,(PP09 &11) PIPE SS WELD,,M,"FROCH ENTERPRISE CO., LTD.",roger.lin@froch.com,TAIWAN,ASTM A778 ? ASTM A312 ? ASTM A358,+886-5-5571669/'+886-936435553,,Roger Lin,
,FLANGES NON CHINA,,M,FUTAWA FLANGES WORKS CO Ltd,kanafusa@futawa-flange.com/takayoshi@crest.ocn.ne.jp/kn8227@ybb.ne.jp,JAPAN,,81-724361420,81-724371006 ,T. Kanafusa,
,FITTINGS BW  CS Non China,4,S,GAMAKO,hartoyo@gamako.co.id ,INDONESIA,"STOCKIST ( MAX 24"" )",29460111 EXT 313,6246236-37,FEENY/ANNA,
,(PP09 &11) SS SMLS NON CHINA,4,S,GANA STEEL,swpark@ganasteel.com,KOREA,"STOCKIST ( MAX 16"" )",,,MR. PARK,
,(PP09 &11) SS WELD NON CHINA,5,S,GANA STEEL,swpark@ganasteel.com,KOREA,"STOCKIST ( MAX 16"" )",,,MR. PARK,
,(PP09 &11) SS WELD NON CHINA,4,S,"GATRA MAPAN MANDIRI, PT",setyawan@gatramm.com,INDONESIA,,6251781,6007152,KOH SUNG SUNG,
,(PP09 &11) SS WELD NON CHINA,5,M,GEMINOX, info@gieminox.com ,ITALY,"UP TO 52"" A358",+39.0445.575959 ,+39.0523.991288 ,,
,FLANGES NON CHINA,,S,GMS KOREA,scarlett@gmskorea.biz,KOREA,"STOCKIST ( MAX 48"" - A350 Available )",82-31-972-5634(ex.201)   ,82-31-972-5633     ,SCARLET,
,PLATE CS,1,AD,GRACIA,grcabadi@gmail.com,INDONESIA,STOCKIST,021- 6280530,021-6284787,PAK DAVID/PAK DARSONO,
`,PROFILE CS ,1,AD,GRACIA,grcabadi@gmail.com,INDONESIA,STOCKIST,021- 6280530,021-6284787,PAK DAVID/PAK DARSONO,
,(PP09 &11) SS WELD NON CHINA,3,S,GREAT PLAINS ,apai@gpss.com,SWITZERLAND,"STOCKIST ( MAX 16"" )",+64 3 5390 448,+64 3 5390 145,MR. AJIT PAI,
,PLATE CS,4,M,GUNAWAN DIAN JAYA STEEL,domestic@gunawansteel.com,INDONESIA,mill,031 7490598 EXT158,0317481939/7490581,PAK DWI,
,PLATE CS,1,M,GUNUNG GARUDA,pjl16@grdsteel.com   ,INDONESIA,MILL,(021) 8900 111   ext 6119 / 0821 12337714 ,021.89838198,PAK FARID,
,FITTINGS BW SS SMLS (304/L & 316/L) ,3,S,HALIMAS,,INDONESIA,"UP TO 24"" EX TAIWAN / MALAYSIA",6018308-6263237,6263238,BAMBANG/Santoso/HANDI,
,(PP09 &11) SS SMLS EX CHINA,2,S,HALIMAS,,INDONESIA,"STOCKIST ( MAX 6"" )",6018308-6263238,6263238,BAMBANG/Santoso/HANDI,
,PIPA SS & DUPLEX SMLS NON CHINA ,,M,HANWA,darwin@hanwa.co.id / atsumi-zenta@hanwa.co.jp,JAPAN ,"UP TO 8"" KOBE",(021)57853033/ 08111-549-026  ,,DARWIN/ ATSUMI SAN,
,(PP01)Pipa CS smls ex china,3,M,HANZHOU CIEC,tangl@ciec.com/lrl@ciec.com,CHINA,"3/4""-26""",+86-571-89732303/+86-15605711662,,LUO,
,(PP25) CS WELD (A53 GR A),1,S,HARAPAN MASA,marketing@harapanmasa.com,INDONESIA,"STOCKIST ( MAX 24"" )",6006113-6594378-6394136,,IBU FERO,
,PROFILE & PLATE CS,4,S,HARAPAN MASA,marketing@harapanmasa.com,INDONESIA,STOCKIST,6006113-6594378-6394136,,IBU FERO,
,FITTINGS BW CHINA,,M,HEBEI FITTINGS,csfittings@live.com,CHINA,MILL,,,HENRY,
,(PP01)Pipa CS smls ex china,4,M,HENGYANG VALIN,scottow@hysteeltube.com.cn / liaoxj@hysteeltube.com.cn,CHINA,"2""-24""",,,SCOTTOW,
,CASING & TUBING,,M,HENGYANG VALIN,scottow@hysteeltube.com.cn / liaoxj@hysteeltube.com.cn,CHINA,"UP TO 20""",,,SCOTTOW,
,(PP09 &11) SS SMLS NON CHINA,2,S,Hong Hock Hardware Pte Ltd,chlow@honghock.com.sg/sookfern@honghock.com.sg,SINGAPORE,"up to 16""",65-62943832,65-62966626,MR. C.H. LOW/ Sook Fern,
,(PP53) duplex non china,1,S,Hong Hock Hardware Pte Ltd,chlow@honghock.com.sg/sookfern@honghock.com.sg,SINGAPORE,"up to 8""",65-62943832,65-62966626,MR. C.H. LOW/ Sook Fern,
,(PP09 &11) SS WELD NON CHINA,1,S,Hong Hock Hardware Pte Ltd,chlow@honghock.com.sg/sookfern@honghock.com.sg,SINGAPORE,"up to 30""",65-62943832,65-62966626,MR. C.H. LOW/ Sook Fern,
,FITTINGS BW SS SMLS (304/L & 316/L) ,,S,Hong Hock Hardware Pte Ltd,chlow@honghock.com.sg/sookfern@honghock.com.sg,SINGAPORE,"up to 12""",65-62943832,65-62966626,MR. C.H. LOW/ Sook Fern,
,FITTINGS BW DUPLEX,,S,Hong Hock Hardware Pte Ltd,chlow@honghock.com.sg/sookfern@honghock.com.sg,SINGAPORE,"up to 8""",65-62943832,65-62966626,MR. C.H. LOW/ Sook Fern,
,(PLT09 &11) SS,1,S,Hong Hock Hardware Pte Ltd,chlow@honghock.com.sg/sookfern@honghock.com.sg,SINGAPORE,up to 25 mm,65-62943832,65-62966626,MR. C.H. LOW/ Sook Fern,
,(PP01)Pipa CS smls ex china,4,S,HUP STEEL ,emily.ong@hupsteel.com,SINGAPORE,"STOCKIST ( MAX 16"" )",65 64192154/64192108,65 64192122/3,MRS. EMILY ONG,
,(PP25) CS WELD (API-5L GR B / A53 GR B),,S,HUP STEEL ,emily.ong@hupsteel.com,SINGAPORE,"UP TO 36""",65 64192154/64192108,65 64192122/3,MRS. EMILY ONG,
,"Pipa CS,LTCS smls non china",3,S,HUP STEEL ,emily.ong@hupsteel.com,SINGAPORE,"STOCKIST ( MAX 24"" )",65 64192154/64192108,65 64192122/3,MRS. EMILY ONG,
,FLANGES NON CHINA,,S,HUP STEEL ,emily.ong@hupsteel.com,SINGAPORE,"STOCKIST ( MAX 48"" - A350 Available )",65 64192154/64192108,65 64192122/3,MRS. EMILY ONG,
,FITTINGS BW CS Non China,,S,HUP STEEL ,emily.ong@hupsteel.com,SINGAPORE,"STOCKIST (  WPB s/d 48"" ; WPL6 s/d 24"" )",65 64192154/64192108,65 64192122/3,MRS. EMILY ONG,
,FORGED FITTINGS ,,S,HUP STEEL ,emily.ong@hupsteel.com,SINGAPORE,STOCKIST ( A350 Available ),65 64192154/64192108,65 64192122/3,MRS. EMILY ONG,
,FLANGES CS CHINA,,S,IKM,ritel@indokaryamandiri.com;tini@indokaryamandiri.com,INDONESIA,"STOCKIST ( MAX 24"" )","6281157/59,6280407",6281158,IBU ERNA/DIAN,
,FORGED FITTINGS ,,S,IKM,ritel@indokaryamandiri.com;tini@indokaryamandiri.com,INDONESIA,STOCKIST ,"6281157/59,6280408",6281158,IBU ERNA/DIAN,
,FITTINGS BW SS SMLS (304/L & 316/L) ,2,S,IKM,ritel@indokaryamandiri.com;tini@indokaryamandiri.com,INDONESIA,"UP TO 12""  EX TAIWAN / MALAYSIA","6281157/59,6280410",6281158,IBU ERNA/DIAN,
,PIPE NICKEL ALLOY,6,M,INOX TECH,fgiammetta@inoxtech.com,ITALY,,+39 0425 605400,,Francesco Giammetta,
,(PP53) duplex non china,3,S,INTERNATIONAL STAINLESS,dchen@intls.com.sg,SINGAPORE,,,,DAVID CHEN,
,FITTINGS BW DUPLEX,,S,INTERNATIONAL STAINLESS,dchen@intls.com.sg,SINGAPORE,"up to 8""",,,MR. C.H. LOW,
,FITTINGS BW SS SMLS (304/L & 316/L) ,,S,INTERNATIONAL STAINLESS,dchen@intls.com.sg,SINGAPORE,"UP TO 8"" 316L ONLY", , ,DAVID CHEN,
,FLANGES SS NON CHINA,,S,INTERNATIONAL STAINLESS,dchen@intls.com.sg,SINGAPORE,"UP TO 12"" 316L & DUPLEX",,,DAVID CHEN,
,(PP01)Pipa CS smls ex china,1,S,INTI SUMBER,retailgroup5@intisumberbajasakti.com,INDONESIA,,,,IBU JULEHA / SARA,
,PROFILE & PLATE CS,3,S,INTI SUMBER,retailgroup5@intisumberbajasakti.com,INDONESIA,STOCKIST,6006113-6594378-6394136,,IBU FERO,
,"Pipa CS,LTCS smls non china",,M,ISCOR (ARCELLOR MITAL),tj@asialinkz.com.sg,SINGAPORE,MILL (ARCCELOR MITAL),,,TJ,
,PROFILE CS ,1,M,"ISPAT PANCA PUTERA, PT",satrio.Wibowo@ispatbukit.com,INDONESIA,MILL,021 40708888 Ext. 3148 ,021 884 13 33          ,SATRIO HARLEY,
,PIPE ALLOY smls non china,1,M,JFE SHOJI,krisna@jfe-shoji.co.id,JAPAN,"2""-16""",,,PAK KRISNA,
,"Pipa CS,LTCS smls non china",,M,JFE SHOJI,krisna@jfe-shoji.co.id,JAPAN,"2""-16""",,,PAK KRISNA,
,PIPA CS WELD ERW/LSAW ,,M,JFE SHOJI,krisna@jfe-shoji.co.id,JAPAN,"UP TO 80"" JFE",,,PAK KRISNA,
,(PP01)Pipa CS smls ex china,2,M,"Jiangyin City Changye Metal Materials Co.,Ltd",liushanshan_52633@163.com,CHINA,"3/4""-24 (JST PIPE)",,,SHANSHAN,
,FITTINGS BW CHINA,,M,JIANGYIN TIANNING  ,sales@nfjsgj.com,CHINA,MILL,,,OLINA ZHOU,
,PIPE NIPPLE,1,S,Kah Lam Hardware Engineering Pte Ltd,chenmei@kahlam.com.sg,SINGAPORE,,(65) 6863 2887     ,(65) 6863 2838 ,MS. KOH,
,(PP09 &11 &14 ) SS SMLS NON CHINA,1,S,"KANGLIM CSP CO., LTD.",kelly@klcsp.com/ rooney@klcsp.com,KOREA,STOCKIST ,+82 51 309 1051,,KELLY,
,PIPE NICKEL ALLOY,1,S,"KANGLIM CSP CO., LTD.",kelly@klcsp.com/ rooney@klcsp.com,KOREA,STOCKIST ,+82 51 309 1051,,KELLY,
,(PP09 &11) SS WELD NON CHINA,4,S,"KANGLIM CSP CO., LTD.",kelly@klcsp.com/ rooney@klcsp.com,KOREA,STOCKIST ,+82 51 309 1051,,KELLY,
,"Pipa CS,LTCS smls non china",,S,"KANGLIM CSP CO., LTD.",kelly@klcsp.com/ rooney@klcsp.com,KOREA,"STOCKIST UP TO 24""",+82 51 309 1051,,KELLY,
,PIPE ALLOY smls non china,2,S,"KANGLIM CSP CO., LTD.",kelly@klcsp.com/ rooney@klcsp.com,KOREA,STOCKIST ,+82 51 309 1051,,KELLY,
,(PP01)Pipa CS smls non china,1,S,KARYA PRIMA SUPLINDO,anna@karyaprimasuplindo.co.id/fenny@karyaprimasuplindo.co.id,INDONESIA,"MAX 6"" TR",29460111 EXT 313,6246236-37,FENNY/ANNY,
,FITTINGS BW CS Non China,1,S,KARYA PRIMA SUPLINDO,anna@karyaprimasuplindo.co.id/fenny@karyaprimasuplindo.co.id,INDONESIA,"STOCKIST ( MAX 24"" )",29460111 EXT 313,6246236-37,FEENY/ANNA,
,(PP09 &11) SS SMLS NON CHINA,1,S,KARYA PRIMA SUPLINDO,anna@karyaprimasuplindo.co.id/fenny@karyaprimasuplindo.co.id,INDONESIA,"STOCKIST ( MAX 4"" )",29460111 EXT 313,6246236-37,FENNY/ANNA,
,FITTINGS BW SS SMLS (304/L & 316/L)  ,1,S,KARYA PRIMA SUPLINDO,anna@karyaprimasuplindo.co.id/fenny@karyaprimasuplindo.co.id,INDONESIA,"UP TO 12"" EX TAIWAN / MALAYSIA",29460111 EXT 313,6246236-37,FENNY/ANNA,
,FORGED FITTINGS ,,S,KARYA PRIMA SUPLINDO,anna@karyaprimasuplindo.co.id/fenny@karyaprimasuplindo.co.id,INDONESIA,STOCKIST ,29460111 EXT 313,6246236-37,FENNY/ANNA,
,FLANGES NON CHINA,,S,KARYA PRIMA SUPLINDO,anna@karyaprimasuplindo.co.id/fenny@karyaprimasuplindo.co.id,INDONESIA,"STOCKIST ( MAX 12"" - Taiwan China )",29460111 EXT 313,6246236-37,FENNY/ANNA,
,(PP01)Pipa CS smls ex china,3,S,"KARYAWAJA EKAMULIA,PT",sales@karyawaja.com,INDONESIA,"up to 24""",,,PAK INDRA/PAK PHILIP,
,PIPE ALLOY smls non china,2,AD,KEONWOOMETALS,yang@keonwoometals.com,KOREA,"up to 16"" NSS",,,MR. JUNG,
,(PP25) CS WELD (API-5L GR B / A53 GR B),,M,KHI,muhammad.fajar@khipipe.com/syamsul.haris@khipipe.com,INDONESIA,"UP TO 20""",(62 – 21) 5212761,(62 – 21) 5204002,PAK FAJAR/PAK SYAMSUL,
,FITTINGS BW CS Non China,,S,Kim Seng Huat Hardware Pte Ltd,tingyeh.chiew@ksh.com.sg,SINGAPORE,,+65 6572 5720  ,(65) 6863 1828,Chiew Ting Yeh ,
,VALVE CHINA,1,M,KOJO,sales@kojocn.com,CHINA,KOJO,,,NEIL,
,PROFILE CS ,2,M,KRAKATAU OSAKA STEEL/ KRAKATAU WAJATAMA,candra@kwosm.co.id/matsui@kwosm.co.id,INDONESIA,"MILL (Besi Beton, Hbeam, IWF, UNP, INP)","(021) 5221248, 5221267, 5200676",,PAK CHANDRA/ MATSUI SAN,"RM D-2501, TRUMP WORLD MARINE, WOO-DONG #47, MARINE CITY 2-RO, HAEUNDAE-GU, PUSAN, KOREA?"
,PLATE CS,2,M,KRAKATAU POSCO,risza.ratumuliartha@krakatauposco.co.id,INDONESIA,8-60 MM,0254-369700 ext. 3029,,IBU RISZA,"RM D-2501, TRUMP WORLD MARINE, WOO-DONG #47, MARINE CITY 2-RO, HAEUNDAE-GU, PUSAN, KOREA?"
,PLATE CS,3,M,KRAKATAU STEEL,kp811651@krakatauposco.co.id / hari.ss@krakatauposco.co.id,INDONESIA,"MILL START FROM 2,3-25MM",08118054383,,PAK BAYU,"RM D-2501, TRUMP WORLD MARINE, WOO-DONG #47, MARINE CITY 2-RO, HAEUNDAE-GU, PUSAN, KOREA?"
,FITTINGS BW,,M,KS FITTING & FLANGE CO.,kst6@kstechco.co.kr,KOREA,KS TECH,+82-51-742-4884,+82-51-742-2319 / 82-51-742-5896,SUE,
,FLANGES NON CHINA,,M,KS FITTING & FLANGE CO.,kst6@kstechco.co.kr,KOREA,MILL,+82-51-742-4886,+82-51-742-2319 / 82-51-742-5898,SUE,
,FORGED FITTINGS ,,M,KS FITTING & FLANGE CO.,kst6@kstechco.co.kr,KOREA,MILL,+82-51-742-4888,+82-51-742-2319 / 82-51-742-5900,SUE,
,BOLT & NUT,1,S,LARIS,laris_dm@yahoo.com,INDONESIA,STOCKIST,5640663,,MARTIN,
,Plywood Case,,S,LEE WUNG WOODEN BOXES CO. PTE. LTD,seanphun@leewung.com.sg /gwen@leewung.com.sg,SINGAPORE,,+65 6269 7388/63697388,+65 6269 7389/6369 8178,SEAN/LEE WUNG,
,ROUND BAR ASSENTAL,,S,LOGAM JAYA,,JAKARTA,STOCKIST,6499992,6499992,PAK HASSAN,
,(PP01)Pipa CS smls ex china,5,M,LONTRIN,harry@lontrin.com/ allen@lontrin.com,CHINA,MILL LONTRIN,,,,
,(PP09 &11) SS WELD NON CHINA,2,M,LS METAL,sckang@lsmetal.biz,KOREA,"UP TO 80"" A358",,,Mr. Kang,
,FLANGES NON CHINA,,M,MAASS GLOBAL SINGAPORE Pte Ltd,aklow@maassglobal.com.sg,SINGAPORE,MILL,,,DAVID,
,FORGED FITTINGS ,,M,MEGA SPA,"fabbris@mega-fittings.com,mauro@mega-fittings.com",ITALY,MILL,,,MR ANGELO FABBRIS,
,FLANGES NON CHINA,,M,MELESI,olimpia.radogna@melesi.it/aldo.combi@melesi.it,ITALY,MILL,,,Mrs. Olimpia Radogna/ ALDO,
,(PP01)Pipa CS smls ex china,2,AD,MENARA MADJU,menara@cbn.net.id,INDONESIA,"hengyang 2-14"" ",,,IBU YATI,
,"Pipa CS,LTCS smls non china",,AD,METAL ONE,hoo@mtlo.or.id,INDONESIA,MILL,,,MR. HOO,
,FLANGES NON CHINA,,M,METALFAR,sales@metalfaritaly.com,ITALY,MILL,,,MR. G.  BINELLI,
,CUTTING PLATE,,SV,"MICS STEEL INDONESIA, PT",Petrus.yudiarto@mics.co.id,INDONESIA,, 021-8972928,021-8972931,PAK PETRUS,
,(PP01)Pipa CS smls non china,3,S,MITRA GALPERTI,nasrul@galperti.co.id/feti@galperti.co.id,INDONESIA,"max 6"" TR",021-29400108,021-7392219,FETI,
,FLANGES NON CHINA,,S,MITRA GALPERTI,nasrul@galperti.co.id/feti@galperti.co.id,INDONESIA,"STOCKIST ( MAX 24"" ) BRAND GALPERTI",021-29400108,021-7392219,FETI,
,FORGED FITTINGS ,,S,MITRA GALPERTI,nasrul@galperti.co.id/feti@galperti.co.id,INDONESIA,MEGA,021-29400108,021-7392219,FETI,
,BOLT & NUT,2,S,MITRA PRIMA SUPLINDO,anna@karyaprimasuplindo.co.id/fenny@karyaprimasuplindo.co.id,INDONESIA,STOCKIST,,,FEENY/ANNA,
,Plywood Case,,S,MKE TIMBER SOLUTIONS PTE LTD,mkesales@singnet.com.sg,SINGAPORE,,+65 63621280,65 63623810,CHEE CONG/ Jing Wen,
,PIPE,,S,MURRAY ENERGY PTE LTD,michelle.fong@murray-energy.com,SINGAPORE,STOCKIST,(65) 6206 0083 / (65) 9681 8975,,MS Michelle Fong ,
,(PP01)Pipa CS smls ex china,2,S,NAMLEONG,chong@namleong.com.sg/ mabel@namleong.com.sg,SINGAPORE,"MAX 16"" BRAND ChengDu,JST,AnGang,HengYang ",+65 6506 0572,+65 6295 3979,MABEL,
,(PP25) CS WELD (API-5L GR B / A53 GR B),,S,NAMLEONG,chong@namleong.com.sg/ mabel@namleong.com.sg,SINGAPORE,"SeAH,HYUNDAI,HUSTEEL",+65 6506 0572,+65 6295 3979,MABEL,
,GASKET,,M,NICHIAS (TOMBO),industrial_admin@nichias-id.com,INDONESIA,STOCKIST,+62 21 56956207,+62 21 56956208 ~ 56956209,INKE,
,PIPA CS WELD ERW/LSAW ,,M,NIPPON STEEL SUMITOMO BUSSAN,teddy.tayu@teta.co.id,JAPAN,"UP TO 80"" NSSMC",+ 62 21 426-7752 / + 62 811-1577-374 ,+ 62 21 4288-1410,PAK TEDDY TAYU,
,"Pipa CS,LTCS smls non china",,M,NIPPON STEEL SUMITOMO BUSSAN,teddy.tayu@teta.co.id,JAPAN,"MILL (MAX 16"") NSS",+ 62 21 426-7752 / + 62 811-1577-375,+ 62 21 4288-1411,PAK TEDDY TAYU,
,PIPA SS & DUPLEX SMLS NON CHINA ,,M,NIPPON STEEL SUMITOMO BUSSAN,teddy.tayu@teta.co.id,JAPAN,"UP TO 16""",+ 62 21 426-7752 / + 62 811-1577-376,+ 62 21 4288-1412,PAK TEDDY TAYU,
,PIPE ALLOY smls non china,2,M,NIPPON STEEL SUMITOMO BUSSAN,teddy.tayu@teta.co.id,JAPAN,"MILL (MAX 16"") NSS",+ 62 21 426-7752 / + 62 811-1577-377,+ 62 21 4288-1413,PAK TEDDY TAYU,
,(PP09 &11) SS WELD NON CHINA,1,M,PANTECH STAINLESS & ALLOY INDUSTRIES SDN BHD,maye_ang@pantechssalloy.com,MALAYSIA,"UP TO 16""",+607-2518888  (Ext: 687) / +6019-7966797,+607- 2519999,MAYE ANG,
,PROFILE & PLATE CS,6,S,PELITA JAYA,,INDONESIA,STOCKIST,6006113-6594378-6394136,,IBU FERO,
,TAPE WRAPPING,,S,"POLYKENINDO NUSANTARA, PT",,INDONESIA,STOCKIST,4224777,,BP. ADI KOMARUDIN,
,PROFILE & PLATE CS,5,S,"PERSADA NUSANTARA STEEL, PT",persadanusantarasteel@gmail.com,INDONESIA,STOCKIST,6006113-6594378-6394136,,IBU FERO,
,"Pipa CS,LTCS smls non china",,M,PRODUCTOS TUBULARES,juan.gaminde@gmail.com/indoatlantic@indoatlantic.com/juan.gaminde@indoatlantic.com,SPAIN,"8""-24"" ",+62-21-7590 17 10,+62+21-7590 17 20,MR. GAMINDE,
,PIPE ALLOY smls non china,4,M,PRODUCTOS TUBULARES,juan.gaminde@gmail.com/indoatlantic@indoatlantic.com/juan.gaminde@indoatlantic.com,SPAIN,"8""-24"" ",+62-21-7590 17 10,+62+21-7590 17 20,MR. GAMINDE,
,GALVANIZE,,SV,PROGRESS GALVANIZING PROCESSING,progress@progress-singapore.com.sg / victor@progress-singapore.com.sg,SINGAPORE,,+65 6861 4488,+65 6862 3318,NICOLE/VICTOR,
,FITTINGS BW DUPLEX,,M,RACCORTUBI,edmund.ng@raccortubi.com,ITALY,DUPLEX,+65 68624310/+65 8201 4772,+65 68984186,EDMUND NG,
,(PP01)Pipa CS smls ex china,1,S,Rainbow Offshore Supplies Pte Ltd,chaiying@rainbow-offshore.com,SINGAPORE,"STOCKIST (MAX 16"")",+65 6363 2822 ,+65 6363 2622,CHAI YING,
,FITTINGS BW CS CHINA,,S,Rainbow Offshore Supplies Pte Ltd,chaiying@rainbow-offshore.com,SINGAPORE,STOCKIST,+65 6363 2822 ,+65 6363 2623,CHAI YING,
,(PP09 &11) SS WELD NON CHINA,4,M,RIVIT SPA,k.goh@steel-comfe.com/ sergio.zigliotto@rivit.com,ITALY,"UP TO 36"" A358",+66-90736-8400,,KENNETH/ SERGIO,
,VALVE CHINA,1,S,"SAHABAT AGUNG CITRA,PT",gita@sahabatagung.com,INDONESIA,,6007220,6594739,GITA,
,(PP53) duplex non china,,M,SALZGITTER MANNESMANN,b.tay@smst-tubes.com,GERMANY,,,,BRANDON TAY,
,VALVE NON CHINA,1,M,SAMJIN JMC ,sales@jmcvalve.kr,KOREA,API603/ASME 16.34 class 150-600 & API600/BS1414 class150-1500,82-42-637-1100,82-42-639-2200 ,,
,(PP09 &11) SS WELD NON CHINA,3,S,"SARANA WIRA PRATIWI,PT",r.setiady@sawiti.com,INDONESIA,STOCKIST,6590669,,IBU ANITA,"NO.999 Wensheng street, shouguang Shandong Province"
,(PLT09 &11) SS,3,S,"SARANA WIRA PRATIWI,PT",r.setiady@sawiti.com,INDONESIA,up to 50 mm,6590669,,IBU ANITA,
,PIPA CS WELD ERW/LSAW ,,M,"SEGI International Co.,Ltd",jnspipe@segi-i.com; sun8191@segi-i.com,KOREA,"UP TO 80"" SEAH",,,NICK JANG,
,BOLT & NUT,,M,SENG HENG,catherine@she.com.sg,SINGAPORE,stud bolt & nut,,,CATHERINE WONG,
,CASING & TUBING,,M,SHANDONG MOLONG,mlwm@vip.sina.com,CHINA,"UP TO 20""",,,HANSEN,
,(PP01)Pipa CS smls ex china,2,AD,SHANGHAI HAITAI,yangyl@ht-st.com;angela.yyl@gmail.com,CHINA,"STOCKIST ( MAX 16"" )",86-0-21-63936383-101,86-0-21-63561647,ANGELA YANG,
,(PP53) duplex non china,2,S,SIN GEE HUAT,hiangli@singheehuat.com.sg,SINGAPORE,"STOCKIST ( MAX 16"" )",65-63981118,65-63981119,Lim Shiang Li,
,(PP09 &11) SS SMLS NON CHINA,3,S,SIN GEE HUAT,hiangli@singheehuat.com.sg,SINGAPORE,"STOCKIST ( MAX 16"" )",65-63981119,65-63981120,Lim Shiang Li,
,(PP09 &11) SS WELD NON CHINA,2,S,SIN GEE HUAT,hiangli@singheehuat.com.sg,SINGAPORE,"STOCKIST ( MAX 16"" )",65-63981119,65-63981120,Lim Shiang Li,
,FITTINGS BW DUPLEX,,S,SIN GEE HUAT,hiangli@singheehuat.com.sg,SINGAPORE,,65-63981120,65-63981121,Lim Shiang Li,
,FITTINGS BW SS SMLS (304/L & 316/L) ,,S,SIN GEE HUAT,hiangli@singheehuat.com.sg,SINGAPORE,"STOCKIST ( MAX 16"" )",65-63981121,65-63981122,Lim Shiang Li,
,FLANGES SS NON CHINA,,S,SIN GEE HUAT,hiangli@singheehuat.com.sg,SINGAPORE,"UP TO 24"" INC DUPLEX",65-63981122,65-63981123,Lim Shiang Li,
,(PP25) CS WELD (A53 GR A),2,S,SINAR BINTANG SEMESTA,,INDONESIA,"UP TO 24""",,6510047,IBU DIAN,
,VALVE CHINA,3,S,SINAR MAS ANDHIKA,karsono@sinarmasandhika.com,INDONESIA,STOCKIST,021 3902222,,KO.KONGSI,
,VALVE NON CHINA,1,S,SINAR MAS SAKTI,sales@smsakti.com,INDONESIA,STOCKIST (KITZ AGENTS),,,IBU MERI,
,FITTINGS BW SS SMLS (304/L & 316/L)  ,,M,SCHULZ,ken.tan@schulzfe.com.sg / esther.lee@schulzfe.com.sg,GERMANY,,(65)6542 2113  ,,BRANDON / ESTER,
,PIPA SS & DUPLEX SMLS NON CHINA ,,M,SCHULZ,,,,(65)6542 2113  ,,BRANDON / ESTER,
,FITTINGS BW,,M,SUNG KWANG BEND,overseas@skbend.com,KOREA,,+82 (051) 3300-350,+82 (051) 3300-333,LUKE,
,PIPE ALLOY smls non china,1,AD,"SKK STEEL CO.,LTD ",cms@skksteel.co.kr,KOREA,"up to 16"" JFE",+82-(0)51-808-1231 ,,MR. CHOI,
,FITTINGS BW SS SMLS (304/L & 316/L) ,,S,SOON STEEL,av1@soonsteel.com.sg;av44@soonsteel.com,SINGAPORE,"UP TO 8"" SMLS ONLY",65 6863 3228,65 6863 2188,MS.ANGELINE TAN,
,"Pipa CS,LTCS smls non china",6,S,SOON STEEL,av1@soonsteel.com.sg;av44@soonsteel.com,SINGAPORE,"STOCKIST ( MAX 24"" )",65 6863 3228,65 6863 2188,MS.ANGELINE TAN,
,FLANGES NON CHINA,,S,SOON STEEL,av1@soonsteel.com.sg;av44@soonsteel.com,SINGAPORE,"STOCKIST ( MAX 48"" - A350 Available )",65 6863 3228,65 6863 2188,MS.ANGELINE TAN,
,FITTINGS BW CS Non China,,S,SOON STEEL,av1@soonsteel.com.sg;av44@soonsteel.com,SINGAPORE,"STOCKIST (  WPB s/d 48"" ; WPL6 s/d 24"" )",65 6863 3228,65 6863 2188,MS.ANGELINE TAN,
,FORGED FITTINGS ,,S,SOON STEEL,av1@soonsteel.com.sg;av44@soonsteel.com,SINGAPORE,STOCKIST ( A350 Available ),65 6863 3228,65 6863 2188,MS.ANGELINE TAN,
,(PP09 &11) SS SMLS NON CHINA,1,S,SOON STEEL ,av1@soonsteel.com.sg;av44@soonsteel.com,SINGAPORE,"UP TO 8"" (PUNYA PP14)",65 6863 3228,65 6863 2188,MS.ANGELINE TAN,
,FITTINGS BW CS Non China,,S,SSH,linda.tan@sshcorp.com (source Via Esteel),SINGAPORE,"STOCKIST (  WPB s/d 48"" ; WPL6 s/d 24"" )",62656088,62610989,LINDA TAN,
,FORGED FITTINGS ,,S,SSH,linda.tan@sshcorp.com (source Via Esteel),SINGAPORE,STOCKIST ( A350 Available ),62656088,62610989,LINDA TAN,
,"Pipa CS,LTCS smls non china",5,S,SSH ,linda.tan@sshcorp.com (source Via Esteel),SINGAPORE,"STOCKIST ( MAX 24"" )",62656088,62610989,LINDA TAN,
,(PP09 &11 &14 ) SS SMLS NON CHINA,2,S,STAHLKONTOR (thyssenkrupp),vanessa.blom@thyssenkrupp.com/ bettina.schotten@thyssenkrupp.com,GERMANY,"Mill (1/8"" - 20"")",+49 2102 402 -  233,+49 2102 402 - 221,VANESSA/BETTINA,
,FORGE FITTING ALLOY,,M,STAINALLOY NEDERLAND B.V.,KarimRighi@stainalloy.com,Netherlands,A335/A691/B333/B335/B366/B564/B619/B622,+31 (0) 184 - 410199,,Karim Righi,
,FITTING BW SS,,M,STAINALLOY NEDERLAND B.V.,KarimRighi@stainalloy.com,Netherlands,A358,+31 (0) 184 - 410199,,Karim Righi,
,FITTING BW SS WELD,,M,STAINALLOY NEDERLAND B.V.,KarimRighi@stainalloy.com,Netherlands,A358,+31 (0) 184 - 410199,,Karim Righi,
,(PP09 &11) PIPE SS SMLS,,M,STAINALLOY NEDERLAND B.V.,KarimRighi@stainalloy.com,Netherlands,A358,+31 (0) 184 - 410199,,Karim Righi,
,PIPE ALLOY SMLS,,M,STAINALLOY NEDERLAND B.V.,KarimRighi@stainalloy.com,Netherlands,A335/A691/B333/B335/B366/B564/B619/B622,+31 (0) 184 - 410199,,Karim Righi,
,PIPE ALLOY WELD,,M,STAINALLOY NEDERLAND B.V.,KarimRighi@stainalloy.com,Netherlands,A335/A691/B333/B335/B366/B564/B619/B622,+31 (0) 184 - 410199,,Karim Righi,
,(PP25) CS WELD (A53 GR A),,M,STEEL PIPE INDUSTRY/SPINDO,hasdaningsih.hasdaningsih@spindo.co.id,INDONESIA,"up to 24""",6260456,,BU HASDA,
,PROFILE SS ,2,S,SUSTEC,sales@sustec.co.id/ rully.susanto07@ymail.com,INDONESIA,STOCKIST,"5582202, 5592621 ",,PAK RULLY,
,(PP09 &11) SS WELD NON CHINA,2,S,SUSTEC,sales@sustec.co.id/ rully.susanto07@ymail.com,INDONESIA,STOCKIST,"5582202, 5592622",,PAK RULLY,
,(PP09 &11) SS WELD CHINA,1,S,SUSTEC,sales@sustec.co.id/ rully.susanto07@ymail.com,INDONESIA,STOCKIST,"5582202, 5592623",,PAK RULLY,
,(PLT09 &11) SS,2,S,SUSTEC,sales@sustec.co.id/ rully.susanto07@ymail.com,INDONESIA,up to 50 mm,"5582202, 5592621 ",,PAK RULLY,
,PROFILE SS ,1,S,SUTINDO RAYA MULIA,srmjkt@sutindo.com,INDONESIA,STOCKIST,"5582202, 5592621 ",,PAK RULLY,
,(PLT09 &11) SS,1,S,SUTINDO RAYA MULIA,srmjkt@sutindo.com,INDONESIA,up to 50 mm,65701600,65701480/81,SARI/DEWI,
,(PP09 &11) SS WELD NON CHINA,1,S,SUTINDO RAYA MULIA,srmjkt@sutindo.com,INDONESIA,"STOCKIST ( MAX 16"" )",65701600,65701480/81,SARI/DEWI,
,(PP09 &11) SS SMLS EX CHINA,1,S,SUTINDO RAYA MULIA,srmjkt@sutindo.com,INDONESIA,SCH 10,65701600,65701480/81,SARI/DEWI,
,FITTINGS BW SS WELD ,,M,"Ta Chen Stainless Pipe Co., Ltd.",dick@mail.tachen.com.tw/ingrid@mail.tachen.com.tw,TAIWAN,,886-6-2701756 #4000,886-6-2701382,INGRID/ DICK KUO,
,"Pipa CS,LTCS smls non china",,M,Tenaris Global Services Far East,lpgan@tenaris.com,SINGAPORE,"MILL TENARIS UP TO 24""",65 6395-9002 ,,LEE PENG,
,(PP01)Pipa CS smls ex china,1,AD,tianjian tengfei,tengfeipipe@aliyun.com,CHINA,"2""-24""",86 186 02229310,,MS. HUANG,
,(PP01)Pipa CS smls ex china,3,AD,Tianjin Baocang International Trade Co Ltd,gracechen@tbccgroup.com,CHINA,"2""-24""",+86 22 2485 1797/+86 13602119687,+86 22 2436 0000,GRACE,
,PROFILE & PLATE CS,2,S,TIGA JAYA,,INDONESIA,STOCKIST,639-6678/659-3278,021-6251541/63855625,IBU JANE,
,(PP01)Pipa CS smls Non china,4,S,TIRTA PERDANA,hanumdenok@gmail.com,INDONESIA,STOCKIST,,,Pak Arif,
,FITTINGS BW CS SMLS  ,,S,TIRTA PERDANA,hanumdenok@gmail.com,INDONESIA,STOCKIST,6264210/0818754100,6264209,Pak Arif,
,(PP09 &11) SS SMLS NON CHINA,4,S,TIRTA PERDANA,hanumdenok@gmail.com,INDONESIA,STOCKIST,6264210/0818754101,6264209,Pak Arif,
,FLANGES CS  NON CHINA,,S,TIRTA PERDANA,hanumdenok@gmail.com,INDONESIA,STOCKIST,6264210/0818754102,6264209,Pak Arif,
,FORGED FITTINGS ,,S,TIRTA PERDANA,hanumdenok@gmail.com,INDONESIA,STOCKIST,6264210/0818754103,6264209,Pak Arif,
,PLATE SS EX CHINA,1,M,TISCO,juan.gaminde@gmail.com/indoatlantic@indoatlantic.com/juan.gaminde@indoatlantic.com,CHINA,MILL TISCO - UP TO 12 MM,+62-21-7590 17 10,+62+21-7590 17 20,MR. GAMINDE,
,FITTINGS BW,,M,TK Corporation,dave@tkbend.co.kr,KOREA,"UP TO 80""",+82-51-709-8528,+82-51-747-9799,DAVE,
,FITTINGS BW SS SMLS (304/L & 316/L)  ex china,,S,TK PRIVATE LIMITED,sales@tket.com.sg,SINGAPORE,,(65) 6266 1836 ,(65) 6261 5638,MEI LING,
,FITTINGS BW CS CHINA,,S,TK PRIVATE LIMITED,sales@tket.com.sg,SINGAPORE,,(65) 6266 1836 ,(65) 6261 5638,MEI LING,
,(PP01)Pipa CS smls ex china,,S,TK PRIVATE LIMITED,sales@tket.com.sg,SINGAPORE,"A106 Gr.B, API 5L Gr.B, A333-6 PRESURE STD, XS, XXS, S20
S40, S80, S120, S160",(65) 6266 1836 ,(65) 6261 5638,MEI LING,
,(PP09 &11) SS SMLS EX CHINA,2,S,TK PRIVATE LIMITED,sales@tket.com.sg,SINGAPORE,"A312-TP304L
A312-TP316L",(65) 6266 1836 ,(65) 6261 5638,MEI LING,
,FLANGES (304/L & 316/L) SS EX CHINA,,S,TK PRIVATE LIMITED,sales@tket.com.sg,SINGAPORE,"A182-F304L, A182-F316L",(65) 6266 1836 ,(65) 6261 5638,MEI LING,
,FLANGES CS CHINA,,S,TK PRIVATE LIMITED,sales@tket.com.sg,SINGAPORE,"SS400, ST37.2, A105N, A350 LF2",(65) 6266 1836 ,(65) 6261 5638,MEI LING,
,FLANGES NON CHINA,,S,TOP STEEL,candychiew@topsteelsolutions.com.sg,SINGAPORE,"STOCKIST ( MAX 48"" - A350 Available )",6261 6866,6261 6766,CANDY,
,FITTINGS BW CS Non China,,S,TOP STEEL,candychiew@topsteelsolutions.com.sg,SINGAPORE,"STOCKIST (  WPB s/d 48"" ; WPL6 s/d 24"" )",6261 6866,6261 6766,CANDY,
,FORGED FITTINGS ,,S,TOP STEEL,candychiew@topsteelsolutions.com.sg,SINGAPORE,STOCKIST ( A350 Available ),6261 6866,6261 6766,CANDY,
,PIPA SS & DUPLEX SMLS NON CHINA ,,M,TUBACEX,klim@tubacex.es/ sales-sg@tubacex.com,SPAIN,"UP TO 8""",65 6801 0322/ mobile : 65 98628383,,KELVIN LIM/ Briget,
,PIPE ALLOY smls non china,5,M,Tubi Acciaio Lombarda PTE. LTD,e.lee@talsingapore.com/f.dellagiovanna@talsingapore.com,ITALY,"3/4""-12'",+65 6317 8685,+65 6317 8889,EMILY/FEDERICO,
,"Pipa CS,LTCS smls non china",,M,TUBOS REUNIDOS ,juan.gaminde@gmail.com/indoatlantic@indoatlantic.com/juan.gaminde@indoatlantic.com,SPAIN,"up to  6"" TUBOS ",+62-21-7590 17 10,+62+21-7590 17 20,MR. GAMINDE,
,PIPE ALLOY smls non china,3,M,TUBOS REUNIDOS ,juan.gaminde@gmail.com/indoatlantic@indoatlantic.com/juan.gaminde@indoatlantic.com,SPAIN,"up to  6""",+62-21-7590 17 10,+62+21-7590 17 20,MR. GAMINDE,
,(PP25) CS WELD (API-5L GR B / A53 GR B),,S,TUBULAR MANAGEMENT SERVICE (TMS),sales@tubms.com,SINGAPORE,"STOCKIST ( MAX 48"" )",65-6897 7216/7   ; MOBILE 65-9829 3936,65-6897 7219,JAMES/VERONICA,
,"Pipa CS,LTCS smls non china",4,S,TUBULAR MANAGEMENT SERVICE (TMS),sales@tubms.com,SINGAPORE,"up to 24"" ( LTCS )",65-6897 7216/7   ; MOBILE 65-9829 3937,65-6897 7220,JAMES/VERONICA,
,FLANGES CS CHINA,,S,"TUNAS CIPTA MANUNGGAL,PT",marketing@tunascipta.com,INDONESIA,STOCKIST,021-6250611,,BU YANTI,
,(PP09 &11) SS SMLS EX CHINA,4,S,"TUNAS CIPTA MANUNGGAL,PT",marketing@tunascipta.com,INDONESIA,STOCKIST,021-6250612,,BU YANTI,"NO.999 Wensheng street, shouguang Shandong Province"
,(PP01)Pipa CS smls ex china,,S,"TUNAS CIPTA MANUNGGAL,PT",marketing@tunascipta.com,INDONESIA,"STOCKIST ( MAX 16"" )",021-6250611,,BU YANTI,
,FLANGES NON CHINA,,M,ULMA,juan.gaminde@gmail.com/indoatlantic@indoatlantic.com/juan.gaminde@indoatlantic.com,SPAIN,MILL,+62-21-7590 17 10,+62+21-7590 17 20,MR. GAMINDE,
,FORGED FITTINGS ,,M,ULMA,juan.gaminde@gmail.com/indoatlantic@indoatlantic.com/juan.gaminde@indoatlantic.com,SPAIN,MILL,+62-21-7590 17 10,+62+21-7590 17 20,MR. GAMINDE,(source Via Esteel)
,PIPA CS WELD ERW/LSAW ,,M,US STEEL,jrhong1@kornet.net / 0222mj@ussteelkr.com,KOREA,"UP TO 60"" HYUNDAI","82-515836971,6974",+82 515836972,MR. HONG,(source Via Esteel)
,(PP01)Pipa CS smls ex china,1,M,VALIN XIGANG,seamlesscn@163.com/ zhoukangning@hlxgco.com,CHINA,"2""-12""",+86 523 80708602  ,+86 523 80708999  ,ALEX/KENNY,(source Via Esteel)
,CASING & TUBING,,M,VALIN XIGANG,seamlesscn@163.com/ zhoukangning@hlxgco.com,CHINA,"UP TO 13 3/8""",+86 523 80708602  ,+86 523 80708999  ,ALEX/KENNY,(source Via Esteel)
,(PP01)Pipa CS smls non china,,M,VALLOUREC ASIA PACIFIC Corp. Pte Ltd,mimi.yunos@vallourec.com/duc.huynh@vallourec.com/howard.lim@vallourec.com,FRANCE,,+65 69336707/+65 81815179,,MS. MIMI/MR. LIM,
,CASING & TUBING,,M,VALLOUREC ASIA PACIFIC Corp. Pte Ltd,mimi.yunos@vallourec.com/duc.huynh@vallourec.com/howard.lim@vallourec.com,FRANCE,,+65 69336707/+65 81815179,,MS. MIMI/MR. LIM,
,"Pipa CS,LTCS smls non china",7,S,VAN LEUWEN,nancysim@vanleeuwen.com.sg,SINGAPORE,"STOCKIST ( MAX 24"" )","65-6925,2696969697/301",,NANCY,
,FLANGES NON CHINA,,S,VAN LEUWEN ,nancysim@vanleeuwen.com.sg,SINGAPORE,"STOCKIST ( MAX 48"" - A350 Available )","65-6925,2696969697/302",,NANCY,
,FITTINGS BW CS Non China,,S,VAN LEUWEN ,nancysim@vanleeuwen.com.sg,SINGAPORE,"STOCKIST (  WPB s/d 48"" ; WPL6 s/d 24"" )","65-6925,2696969697/303",,NANCY,
,FORGED FITTINGS ,,S,VAN LEUWEN ,nancysim@vanleeuwen.com.sg,SINGAPORE,STOCKIST ( A350 Available ),"65-6925,2696969697/304",,NANCY,
,FORGED FITTINGS ,,M,VIAR,irene@viar.it,ITALY,MILL,+65 62541113/ +65 96505714,,IRENE,
,FORGED FITTINGS ,,S,VINCO,,INDONESIA,MEGA CS ONLY,, 55910836/7,IBU IRA,
,(PP09 &11) SS SMLS EX CHINA,,M,WENZHOU EASTERN STEEL,ben@tubinox.com.cn,CHINA,,"+86-13336999961
",,BEN,
,FITTINGS BW SS SMLS (304/L & 316/L) ,1,S,WINTRACO,,INDONESIA,"UP TO 24"" EX CHINA",,6598458,Bp.Yusuf/IBU ATI,
,FITTINGS BW CS CHINA,2,S,WINTRACO,,INDONESIA,"STOCKIST ( MAX 24"" )",,6598458,Bp.Yusuf/IBU ATI,
,(PP09 &11) SS WELD CHINA,2,S,WINTRACO,,INDONESIA,"STOCKIST ( MAX 6"" )",,6598458,Bp.Yusuf/IBU ATI,
,FLANGES CS CHINA,,S,WINTRACO,,INDONESIA,"STOCKIST ( MAX 12"" - Taiwan China )",,6598458,Bp.Yusuf/IBU ATI,
,(PP09 &11) SS SMLS EX CHINA,3,S,WINTRACO,,INDONESIA,"STOCKIST ( MAX 8"" - Taiwan/China )",,6598458,Bp.Yusuf/IBU ATI,
,FLANGES (304/L & 316/L) SS EX CHINA,,S,WINTRACO,,INDONESIA,"STOCKIST ( MAX 8"" - Taiwan/China )",,6598458,Bp.Yusuf/IBU ATI,
,MACHINING ,,SV,WESCO ENGINEERING,wesco.engineering@gmail.com,SINGAPORE,,65 6265 5678 / 65 90088799,65 6268 8956,John Tang,
,VALVE CHINA,2,M,ZheJiang Number One ,miracle@nbovalve.com /hsu.miracle@gmail.com                       ,CHINA,ZheJiang ,+86-577-57799666              ,+86-577-67973688     ,,
,,,,,,,,,,,
,,,,,,,,,,,
,,,,,,,,,,,
,,,,,,,,,,,
,,,,,,,,,,,
,,,,,,,,,,,
,,,,,,,,,,,
,,,,,,,,,,,
,,,,,,,,,,,
,,,,,,,,,,,
,,,,,,,,,,,
,,,,,,,,,,,
,,,,,,,,,,,
,,,,,,,,,,,
,,,,,,,,,,,
,,,,,,,,,,,
,,,,,,,,,,,
,,,,,,,,,,,
,,,,,,,,,,,
,,,,,,,,,,,
,,,,,,,,,,,
,,,,,,,,,,,
,,,,,,,,,,,
,,,,,,,,,,,
,,,,,,,,,,,
,,,,,,,,,,,
,,,,,,,,,,,
,,,,,,,,,,,
,,,,,,,,,,,
,,,,,,,,,,,
,,,,,,,,,,,
,,,,,,,,,,,
,,,,,,,,,,,
,,,,,,,,,,,
,,,,,,,,,,,
,,,,,,,,,,,
,,,,,,,,,,,
,,,,,,,,,,,
,,,,,,,,,,,
,,,,,,,,,,,
,,,,,,,,,,,
,,,,,,,,,,,
,,,,,,,,,,,
,,,,,,,,,,,
,,,,,,,,,,,
,,,,,,,,,,,
